P,t,iter,vx,vy,pen_factor,v_mag,vel_mag_in,v_coll,v_ang,ang_acc,ang_diff,imomx,imomy,imom,tot_area,cur_area,area_diff,vx_rel,vy_rel,v_rel,col_acc_x,col_acc_y,col_acc_mag,p_mom_x,p_mom_y,p_mom
0,0.0050,1,1.0000,0.0000,0.00000000,0.00000000,0.00000000,0.0000,0.0000,0.00000000,0.00000000,0.0000,0.0000,0.00000000,0.00000000,0.00000000,0.00000000,0.00000000,0.00000000,0.00000000,0.00000000,0.00000000,0.00000000,0.00000000,0.00000000,0.00000000
0,0.0100,2,1.0000,0.0000,0.00000000,1.00000000,0.00000000,0.0000,0.0000,0.00000000,0.00000000,0.0000,0.0000,0.00000000,0.00000000,0.00000000,0.00000000,0.00000000,0.00000000,0.00000000,0.00000000,0.00000000,0.00000000,0.00000000,0.00000000,0.00000000
0,0.0150,3,1.0000,0.0000,0.00000000,1.00000000,0.00000000,0.0000,0.0000,0.00000000,0.00000000,0.0000,0.0000,0.00000000,0.00000000,0.00000000,0.00000000,0.00000000,0.00000000,0.00000000,0.00000000,0.00000000,0.00000000,0.00000000,0.00000000,0.00000000
0,0.0200,4,1.0000,0.0000,0.00000000,1.00000000,0.00000000,0.0000,0.0000,0.00000000,0.00000000,0.0000,0.0000,0.00000000,0.00000000,0.00000000,0.00000000,0.00000000,0.00000000,0.00000000,0.00000000,0.00000000,0.00000000,0.00000000,0.00000000,0.00000000
0,0.0250,5,1.0000,0.0000,0.00000000,1.00000000,0.00000000,0.0000,0.0000,0.00000000,0.00000000,0.0000,0.0000,0.00000000,0.00000000,0.00000000,0.00000000,0.00000000,0.00000000,0.00000000,0.00000000,0.00000000,0.00000000,0.00000000,0.00000000,0.00000000
0,0.0300,6,1.0000,0.0000,0.00000000,1.00000000,0.00000000,0.0000,0.0000,0.00000000,0.00000000,0.0000,0.0000,0.00000000,0.00000000,0.00000000,0.00000000,0.00000000,0.00000000,0.00000000,0.00000000,0.00000000,0.00000000,0.00000000,0.00000000,0.00000000
0,0.0350,7,1.0000,0.0000,0.00000000,1.00000000,0.00000000,0.0000,0.0000,0.00000000,0.00000000,0.0000,0.0000,0.00000000,0.00000000,0.00000000,0.00000000,0.00000000,0.00000000,0.00000000,0.00000000,0.00000000,0.00000000,0.00000000,0.00000000,0.00000000
0,0.0400,8,1.0000,0.0000,0.00000000,1.00000000,0.00000000,0.0000,0.0000,0.00000000,0.00000000,0.0000,0.0000,0.00000000,0.00000000,0.00000000,0.00000000,0.00000000,0.00000000,0.00000000,0.00000000,0.00000000,0.00000000,0.00000000,0.00000000,0.00000000
0,0.0450,9,1.0000,0.0000,0.00000000,1.00000000,0.00000000,0.0000,0.0000,0.00000000,0.00000000,0.0000,0.0000,0.00000000,0.00000000,0.00000000,0.00000000,0.00000000,0.00000000,0.00000000,0.00000000,0.00000000,0.00000000,0.00000000,0.00000000,0.00000000
0,0.0500,10,1.0000,0.0000,0.00000000,1.00000000,0.00000000,0.0000,0.0000,0.00000000,0.00000000,0.0000,0.0000,0.00000000,0.00000000,0.00000000,0.00000000,0.00000000,0.00000000,0.00000000,0.00000000,0.00000000,0.00000000,0.00000000,0.00000000,0.00000000
0,0.0550,11,1.0000,0.0000,0.00000000,1.00000000,0.00000000,0.0000,0.0000,0.00000000,0.00000000,0.0000,0.0000,0.00000000,0.00000000,0.00000000,0.00000000,0.00000000,0.00000000,0.00000000,0.00000000,0.00000000,0.00000000,0.00000000,0.00000000,0.00000000
0,0.0600,12,1.0000,0.0000,0.00000000,1.00000000,0.00000000,0.0000,0.0000,0.00000000,0.00000000,0.0000,0.0000,0.00000000,0.00000000,0.00000000,0.00000000,0.00000000,0.00000000,0.00000000,0.00000000,0.00000000,0.00000000,0.00000000,0.00000000,0.00000000
0,0.0650,13,1.0000,0.0000,0.00000000,1.00000000,1.00000000,0.0000,0.0000,0.00000000,0.00000000,0.0000,0.0000,0.00000000,0.00000000,0.00000000,0.00000000,0.00000000,0.00000000,0.00000000,0.00000000,0.00000000,0.00000000,0.00000000,0.00000000,0.00000000
0,0.0700,14,0.9999,-0.0000,0.00000000,0.99992335,1.00000000,0.0000,6.2831,0.00000000,0.00000000,0.0000,0.0000,0.00007665,0.00000000,0.00000000,0.00000000,0.00000000,0.00000000,0.00000000,0.00000000,0.00000000,0.00000000,0.00000000,0.00000000,0.00000000
0,0.0750,15,0.9992,-0.0004,0.00000000,0.99924445,1.00000000,0.0000,6.2827,0.00000000,0.00000000,0.0000,0.0000,0.00075555,0.00000000,0.00000000,0.00000000,0.00000000,0.00000000,0.00000000,0.00000000,0.00000000,0.00000000,0.00000000,0.00000000,0.00000000
0,0.0800,16,0.9977,-0.0014,0.00000000,0.99767109,1.00000000,0.0000,6.2818,0.00000000,0.00000000,0.0000,0.0000,0.00232891,0.00000000,0.00000000,0.00000000,0.00000000,0.00000000,0.00000000,0.00000000,0.00000000,0.00000000,0.00000000,0.00000000,0.00000000
0,0.0850,17,0.9950,-0.0031,0.00239930,0.99501143,0.99501143,0.0000,6.2801,0.00000000,0.00000000,0.0000,0.0000,0.00498857,-0.00047110,0.00047110,-0.00047110,1.99500668,-0.00307327,1.99500905,-0.00024833,0.00019099,0.00000000,-1.00000000,0.00000000,0.00000000
0,0.0900,18,0.9883,-0.0070,0.00671626,0.98829149,0.99501143,0.0000,6.2761,2.48598763,0.00000000,0.0000,0.0000,0.01170851,-0.00178984,0.00131873,-0.00084763,1.99500668,-0.00307327,1.99500905,-0.00093677,0.00073424,0.00000000,0.98826639,-0.00704375,0.98829149
0,0.0950,19,0.9804,-0.0109,0.01219672,0.98041606,0.99501143,0.0000,6.2721,2.47680745,-0.00918018,0.0000,0.0000,0.01958394,-0.00371356,0.00239482,-0.00107609,1.99500668,-0.00307327,1.99500905,-0.00192592,0.00154569,0.00000000,0.98035549,-0.01089759,0.98041606
0,0.1000,20,0.9696,-0.0153,0.01854118,0.96969672,0.99501143,0.0000,6.2674,2.46528308,-0.01152437,0.0000,0.0000,0.03030328,-0.00603537,0.00364055,-0.00124573,1.99500668,-0.00307327,1.99500905,-0.00309856,0.00255084,0.00000000,0.96957547,-0.01533377,0.96969672
0,0.1050,21,0.9557,-0.0203,0.02555461,0.95589393,0.99501143,0.0000,6.2620,2.45284352,-0.01243956,0.0000,0.0000,0.04410607,-0.00865819,0.00501764,-0.00137708,1.99500668,-0.00307327,1.99500905,-0.00439732,0.00371664,0.00000000,0.95567878,-0.02027963,0.95589393
0,0.1100,22,0.9385,-0.0257,0.03308733,0.93885877,0.99501143,0.0000,6.2558,2.43988838,-0.01295514,0.0000,0.0000,0.06114123,-0.01151432,0.00649668,-0.00147904,1.99500668,-0.00307327,1.99500905,-0.00578146,0.00502021,0.00000000,0.93850744,-0.02568208,0.93885877
0,0.1150,23,0.9180,-0.0315,0.04101410,0.91851432,0.99501143,0.0000,6.2489,2.42655289,-0.01333549,0.0000,0.0000,0.08148568,-0.01454978,0.00805310,-0.00155642,1.99500668,-0.00307327,1.99500905,-0.00721835,0.00644276,0.00000000,0.91797412,-0.03149703,0.91851432
0,0.1200,24,0.8941,-0.0377,0.04922496,0.89484587,0.99501143,0.0000,6.2411,2.41290720,-0.01364569,0.0000,0.0000,0.10515413,-0.01771840,0.00966530,-0.00161220,1.99500668,-0.00307327,1.99500905,-0.00868039,0.00796731,0.00000000,0.89405201,-0.03768471,0.89484587
0,0.1250,25,0.8668,-0.0442,0.05762063,0.86789438,0.99501143,0.0000,6.2322,2.39900152,-0.01390568,0.0000,0.0000,0.13210562,-0.02097908,0.01131378,-0.00164849,1.99500668,-0.00307327,1.99500905,-0.01014358,0.00957771,0.00000000,0.86676779,-0.04420691,0.86789438
0,0.1300,26,0.8362,-0.0510,0.06611019,0.83775139,0.99501143,0.0000,6.2222,2.38487993,-0.01412158,0.0000,0.0000,0.16224861,-0.02429449,0.01298071,-0.00166692,1.99500668,-0.00307327,1.99500905,-0.01158687,0.01125808,0.00000000,0.83619604,-0.05102535,0.83775139
0,0.1350,27,0.8025,-0.0581,0.07460982,0.80455461,0.99501143,0.0000,6.2109,2.37058550,-0.01429443,0.0000,0.0000,0.19544539,-0.02763031,0.01464960,-0.00166890,1.99500668,-0.00307327,1.99500905,-0.01299179,0.01299263,0.00000000,0.80245403,-0.05810042,0.80455461
0,0.1400,28,0.7657,-0.0654,0.08304220,0.76848380,0.99501143,0.0000,6.1980,2.35616226,-0.01442324,0.0000,0.0000,0.23151620,-0.03095490,0.01630530,-0.00165569,1.99500668,-0.00307327,1.99500905,-0.01434233,0.01476555,0.00000000,0.76569671,-0.06539036,0.76848380
0,0.1450,29,0.7261,-0.0729,0.09133621,0.72975702,0.99501143,0.0000,6.1832,2.34165599,-0.01450627,0.0000,0.0000,0.27024298,-0.03423912,0.01793382,-0.00162853,1.99500668,-0.00307327,1.99500905,-0.01562485,0.01656108,0.00000000,0.72611164,-0.07285057,0.72975702
0,0.1500,30,0.6839,-0.0804,0.09942681,0.68862729,0.99501143,0.0000,6.1661,2.32711435,-0.01454164,0.0000,0.0000,0.31137271,-0.03745623,0.01952241,-0.00158859,1.99500668,-0.00307327,1.99500905,-0.01682797,0.01836356,0.00000000,0.68391376,-0.08043325,0.68862729
0,0.1550,31,0.6393,-0.0881,0.10725496,0.64537997,0.99501143,0.0000,6.1463,2.31258669,-0.01452766,0.0000,0.0000,0.35462003,-0.04058187,0.02105946,-0.00153705,1.99500668,-0.00307327,1.99500905,-0.01794257,0.02015757,0.00000000,0.63934027,-0.08808706,0.64537997
0,0.1600,32,0.5926,-0.0958,0.11476755,0.60033143,0.99501143,0.0000,6.1230,2.29812364,-0.01446305,0.0000,0.0000,0.39966857,-0.04359402,0.02253456,-0.00147510,1.99500668,-0.00307327,1.99500905,-0.01896171,0.02192805,0.00000000,0.59264527,-0.09575702,0.60033143
0,0.1650,33,0.5441,-0.1034,0.12191736,0.55382979,0.99501143,0.0000,6.0954,2.28377659,-0.01434706,0.0000,0.0000,0.44617021,-0.04647298,0.02393842,-0.00140386,1.99500668,-0.00307327,1.99500905,-0.01988048,0.02366047,0.00000000,0.54409471,-0.10338466,0.55382979
0,0.1700,34,0.4940,-0.1109,0.12866285,0.50625924,0.99501143,0.0000,6.0623,2.26959703,-0.01417956,0.0000,0.0000,0.49374076,-0.04920131,0.02526289,-0.00132447,1.99500668,-0.00307327,1.99500905,-0.02069588,0.02534094,0.00000000,0.49396132,-0.11090819,0.50625924
0,0.1750,35,0.4425,-0.1183,0.13496802,0.45805033,0.99501143,0.0000,6.0220,2.25563594,-0.01396109,0.0000,0.0000,0.54194967,-0.05176380,0.02650091,-0.00123802,1.99500668,-0.00307327,1.99500905,-0.02140669,0.02695641,0.00000000,0.44252003,-0.11826298,0.45805033
0,0.1800,36,0.3900,-0.1254,0.14080211,0.40970073,0.99501143,0.0000,5.9722,2.24194306,-0.01369288,0.0000,0.0000,0.59029927,-0.05414734,0.02764643,-0.00114552,1.99500668,-0.00307327,1.99500905,-0.02201323,0.02849469,0.00000000,0.39004359,-0.12538214,0.40970073
0,0.1850,37,0.3368,-0.1322,0.14613938,0.36181428,0.99501143,0.0000,5.9092,2.22856622,-0.01337684,0.0000,0.0000,0.63818572,-0.05634083,0.02869440,-0.00104797,1.99500668,-0.00307327,1.99500905,-0.02251718,0.02994464,0.00000000,0.33679883,-0.13219728,0.36181428
0,0.1900,38,0.2830,-0.1386,0.15095872,0.31517360,0.99501143,0.0000,5.8277,2.21555070,-0.01301552,0.0000,0.0000,0.68482640,-0.05833508,0.02964067,-0.00094627,1.99500668,-0.00307327,1.99500905,-0.02292135,0.03129618,0.00000000,0.28304331,-0.13863940,0.31517360
0,0.1950,39,0.2290,-0.1446,0.15524330,0.27087281,0.99501143,0.0000,5.7199,2.20293864,-0.01261206,0.0000,0.0000,0.72912719,-0.06012263,0.03048195,-0.00084128,1.99500668,-0.00307327,1.99500905,-0.02322947,0.03254033,0.00000000,0.22902269,-0.14463985,0.27087281
0,0.2000,40,0.1750,-0.1501,0.15898027,0.23055031,0.99501143,0.0000,5.5740,2.19076848,-0.01217015,0.0000,0.0000,0.76944969,-0.06169765,0.03121570,-0.00073375,1.99500668,-0.00307327,1.99500905,-0.02344593,0.03366931,0.00000000,0.17496856,-0.15013143,0.23055031
0,0.2050,41,0.1211,-0.1550,0.16216033,0.19673540,0.99501143,0.0000,5.3755,2.17907458,-0.01169390,0.0000,0.0000,0.80326460,-0.06305581,0.03184011,-0.00062440,1.99500668,-0.00307327,1.99500905,-0.02357561,0.03467645,0.00000000,0.12109700,-0.15504946,0.19673540
0,0.2100,42,0.0676,-0.1593,0.16477744,0.17308307,0.99501143,0.0000,5.1137,2.16788681,-0.01118777,0.0000,0.0000,0.82691693,-0.06419408,0.03235397,-0.00051387,1.99500668,-0.00307327,1.99500905,-0.02362367,0.03555623,0.00000000,0.06760757,-0.15933287,0.17308307
0,0.2150,43,0.0147,-0.1629,0.16682850,0.16358559,0.99501143,0.0000,4.8023,2.15723031,-0.01065650,0.0000,0.0000,0.83641441,-0.06511067,0.03275670,-0.00040272,1.99500668,-0.00307327,1.99500905,-0.02359538,0.03630425,0.00000000,0.01468293,-0.16292531,0.16358559
0,0.2200,44,-0.0375,-0.1658,0.16831307,0.16996706,0.99501143,0.0000,4.4899,2.14712533,-0.01010497,0.0000,0.0000,0.83003294,-0.06580489,0.03304819,-0.00029149,1.99500668,-0.00307327,1.99500905,-0.02349594,0.03691716,0.00000000,-0.03751117,-0.16577609,0.16996706
0,0.2250,45,-0.0888,-0.1678,0.16923312,0.18989629,0.99501143,0.0000,4.2256,2.13758718,-0.00953815,0.0000,0.0000,0.81010371,-0.06627704,0.03322885,-0.00018065,1.99500668,-0.00307327,1.99500905,-0.02333042,0.03739265,0.00000000,-0.08882548,-0.16784110,0.18989629
0,0.2300,46,-0.1391,-0.1691,0.16959287,0.21896450,0.99501143,0.0000,4.0239,2.12862621,-0.00896097,0.0000,0.0000,0.78103550,-0.06652833,0.03329948,-0.00007064,1.99500668,-0.00307327,1.99500905,-0.02310361,0.03772936,0.00000000,-0.13912652,-0.16908360,0.21896450
0,0.2350,47,-0.1883,-0.1695,0.16939857,0.25333175,0.99501143,0.0000,3.8744,2.12024793,-0.00837829,0.0000,0.0000,0.74666825,-0.06656081,0.03326133,0.00003815,1.99500668,-0.00307327,1.99500905,-0.02281998,0.03792686,0.00000000,-0.18829566,-0.16947483,0.25333175
0,0.2400,48,-0.2362,-0.1690,0.16865843,0.29045281,0.99501143,0.0000,3.7626,2.11245315,-0.00779477,0.0000,0.0000,0.70954719,-0.06637734,0.03311600,0.00014533,1.99500668,-0.00307327,1.99500905,-0.02248363,0.03798555,0.00000000,-0.23622801,-0.16899456,0.29045281
0,0.2450,49,-0.2828,-0.1676,0.16738253,0.32877623,0.99501143,0.0000,3.6766,2.10523827,-0.00721489,0.0000,0.0000,0.67122377,-0.06598149,0.03286548,0.00025052,1.99500668,-0.00307327,1.99500905,-0.02209825,0.03790669,0.00000000,-0.28283127,-0.16763139,0.32877623
0,0.2500,50,-0.3280,-0.1654,0.16558278,0.36735759,0.99501143,0.0000,3.6086,2.09859547,-0.00664280,0.0000,0.0000,0.63264241,-0.06537759,0.03251210,0.00035338,1.99500668,-0.00307327,1.99500905,-0.02166716,0.03769226,0.00000000,-0.32802450,-0.16538296,0.36735759
0,0.2550,51,-0.3717,-0.1623,0.16327286,0.40560496,0.99501143,0.0000,3.5531,2.09251311,-0.00608235,0.0000,0.0000,0.59439504,-0.06457065,0.03205855,0.00045355,1.99500668,-0.00307327,1.99500905,-0.02119329,0.03734498,0.00000000,-0.37173697,-0.16225601,0.40560496
0,0.2600,52,-0.4139,-0.1583,0.16046826,0.44313340,0.99501143,0.0000,3.5068,2.08697606,-0.00553706,0.0000,0.0000,0.55686660,-0.06356642,0.03150787,0.00055068,1.99500668,-0.00307327,1.99500905,-0.02067924,0.03686827,0.00000000,-0.41390701,-0.15826623,0.44313340
0,0.2650,53,-0.4545,-0.1534,0.15718627,0.47968354,0.99501143,0.0000,3.4672,2.08196602,-0.00501003,0.0000,0.0000,0.52031646,-0.06237132,0.03086345,0.00064442,1.99500668,-0.00307327,1.99500905,-0.02012733,0.03626616,0.00000000,-0.45448108,-0.15343811,0.47968354
0,0.2700,54,-0.4934,-0.1478,0.15344601,0.51507511,0.99501143,0.0000,3.4326,2.07746201,-0.00450401,0.0000,0.0000,0.48492489,-0.06099251,0.03012905,0.00073440,1.99500668,-0.00307327,1.99500905,-0.01953962,0.03554332,0.00000000,-0.49341280,-0.14780451,0.51507511
0,0.2750,55,-0.5307,-0.1414,0.14926846,0.54917957,0.99501143,0.0000,3.4020,2.07344069,-0.00402132,0.0000,0.0000,0.45082043,-0.05943785,0.02930879,0.00082026,1.99500668,-0.00307327,1.99500905,-0.01891801,0.03470500,0.00000000,-0.53066230,-0.14140625,0.54917957
0,0.2800,56,-0.5662,-0.1343,0.14467647,0.58190343,0.99501143,0.0000,3.3745,2.06987679,-0.00356390,0.0000,0.0000,0.41809657,-0.05771595,0.02840716,0.00090164,1.99500668,-0.00307327,1.99500905,-0.01826429,0.03375701,0.00000000,-0.56619553,-0.13429156,0.58190343
0,0.2850,57,-0.6000,-0.1265,0.13969477,0.61317766,0.99501143,0.0000,3.3494,2.06674351,-0.00313328,0.0000,0.0000,0.38682234,-0.05583616,0.02742900,0.00097815,1.99500668,-0.00307327,1.99500905,-0.01758019,0.03270569,0.00000000,-0.59998391,-0.12651541,0.61317766
0,0.2900,58,-0.6320,-0.1181,0.13435001,0.64295081,0.99501143,0.0000,3.3264,2.06401288,-0.00273063,0.0000,0.0000,0.35704919,-0.05380857,0.02637956,0.00104944,1.99500668,-0.00307327,1.99500905,-0.01686747,0.03155788,0.00000000,-0.63200392,-0.11813886,0.64295081
0,0.2950,59,-0.6622,-0.1092,0.12867072,0.67118455,0.99501143,0.0000,3.3051,2.06165615,-0.00235673,0.0000,0.0000,0.32881545,-0.05164400,0.02526444,0.00111513,1.99500668,-0.00307327,1.99500905,-0.01612797,0.03032091,0.00000000,-0.66223702,-0.10922833,0.67118455
0,0.3000,60,-0.6907,-0.0999,0.12268731,0.69785055,0.99501143,0.0000,3.2852,2.05964414,-0.00201201,0.0000,0.0000,0.30214945,-0.04935404,0.02408960,0.00117484,1.99500668,-0.00307327,1.99500905,-0.01536365,0.02900255,0.00000000,-0.69066954,-0.09985478,0.69785055
0,0.3050,61,-0.7173,-0.0901,0.11643200,0.72292855,0.99501143,0.0000,3.2665,2.05794756,-0.00169659,0.0000,0.0000,0.27707145,-0.04695097,0.02286137,0.00122823,1.99500668,-0.00307327,1.99500905,-0.01457667,0.02761100,0.00000000,-0.71729279,-0.09009299,0.72292855
0,0.3100,62,-0.7421,-0.0800,0.10993879,0.74640503,0.99501143,0.0000,3.2490,2.05653728,-0.00141027,0.0000,0.0000,0.25359497,-0.04444780,0.02158643,0.00127494,1.99500668,-0.00307327,1.99500905,-0.01376938,0.02615482,0.00000000,-0.74210320,-0.08002071,0.74640503
0,0.3150,63,-0.7651,-0.0697,0.10324339,0.76827245,0.99501143,0.0000,3.2325,2.05538469,-0.00115260,0.0000,0.0000,0.23172755,-0.04185822,0.02027179,0.00131464,1.99500668,-0.00307327,1.99500905,-0.01294443,0.02464297,0.00000000,-0.76510258,-0.06971797,0.76827245
0,0.3200,64,-0.7863,-0.0593,0.09638313,0.78852887,0.99501143,0.0000,3.2168,2.05446185,-0.00092284,0.0000,0.0000,0.21147113,-0.03919658,0.01892478,0.00134701,1.99500668,-0.00307327,1.99500905,-0.01210471,0.02308471,0.00000000,-0.78629847,-0.05926628,0.78852887
0,0.3250,65,-0.8057,-0.0487,0.08939687,0.80717785,0.99501143,0.0000,3.2020,2.05374177,-0.00072008,0.0000,0.0000,0.19282215,-0.03647782,0.01755303,0.00137175,1.99500668,-0.00307327,1.99500905,-0.01125343,0.02148963,0.00000000,-0.80570448,-0.04874799,0.80717785
0,0.3300,66,-0.8233,-0.0382,0.08232491,0.82422863,0.99501143,0.0000,3.1880,2.05319858,-0.00054318,0.0000,0.0000,0.17577137,-0.03371749,0.01616446,0.00138858,1.99500668,-0.00307327,1.99500905,-0.01039410,0.01986754,0.00000000,-0.82334082,-0.03824566,0.82422863
0,0.3350,67,-0.8392,-0.0278,0.07520893,0.83969643,0.99501143,0.0000,3.1748,2.05280772,-0.00039087,0.0000,0.0000,0.16030357,-0.03093170,0.01476724,0.00139722,1.99500668,-0.00307327,1.99500905,-0.00953055,0.01822855,0.00000000,-0.83923473,-0.02784159,0.83969643
0,0.3400,68,-0.8534,-0.0176,0.06809188,0.85360296,0.99501143,0.0000,3.1622,2.05254601,-0.00026171,0.0000,0.0000,0.14639704,-0.02813705,0.01336981,0.00139743,1.99500668,-0.00307327,1.99500905,-0.00866692,0.01658295,0.00000000,-0.85342114,-0.01761739,0.85360296
0,0.3450,69,-0.8659,-0.0077,0.06101798,0.86597708,0.99501143,0.0000,3.1504,2.05239184,-0.00015417,0.0000,0.0000,0.13402292,-0.02535066,0.01198085,0.00138896,1.99500668,-0.00307327,1.99500905,-0.00780765,0.01494128,0.00000000,-0.86594326,-0.00765384,0.86597708
0,0.3500,70,-0.8769,0.0020,0.05403274,0.87685565,0.99501143,0.0000,3.1393,2.05232522,-0.00006662,0.0000,0.0000,0.12314435,-0.02259016,0.01060930,0.00137155,1.99500668,-0.00307327,1.99500905,-0.00695749,0.01331426,0.00000000,-0.87685344,0.00196910,0.87685565
0,0.3550,71,-0.8862,0.0112,0.04718307,0.88628454,0.99501143,0.0000,3.1290,2.05232786,0.00000264,0.0000,0.0000,0.11371546,-0.01987368,0.00926437,0.00134493,1.99500668,-0.00307327,1.99500905,-0.00612149,0.01171287,0.00000000,-0.88621413,0.01117183,0.88628454
0,0.3600,72,-0.8941,0.0199,0.04051745,0.89432007,0.99501143,0.0000,3.1194,2.05238326,0.00005539,0.0000,0.0000,0.10567993,-0.01721996,0.00795558,0.00130879,1.99500668,-0.00307327,1.99500905,-0.00530504,0.01014837,0.00000000,-0.89409921,0.01987410,0.89432007
0,0.3650,73,-0.9006,0.0280,0.03408646,0.90103096,0.99501143,0.0000,3.1105,2.05247670,0.00009345,0.0000,0.0000,0.09896904,-0.01464844,0.00669286,0.00126272,1.99500668,-0.00307327,1.99500905,-0.00451385,0.00863234,0.00000000,-0.90059602,0.02799293,0.90103096
0,0.3700,74,-0.9058,0.0354,0.02794341,0.90650157,0.99501143,0.0000,3.1025,2.05259541,0.00011870,0.0000,0.0000,0.09349843,-0.01217954,0.00548667,0.00120619,1.99500668,-0.00307327,1.99500905,-0.00375402,0.00717691,0.00000000,-0.90580860,0.03543842,0.90650157
0,0.3750,75,-0.9099,0.0421,0.02214564,0.91083807,0.99501143,0.0000,3.0954,2.05272853,0.00013312,0.0000,0.0000,0.08916193,-0.00983496,0.00434829,0.00113839,1.99500668,-0.00307327,1.99500905,-0.00303217,0.00579493,0.00000000,-0.90986440,0.04210412,0.91083807
0,0.3800,76,-0.9129,0.0478,0.01675671,0.91418627,0.99501143,0.0000,3.0892,2.05286733,0.00013880,0.0000,0.0000,0.08581373,-0.00877685,0.00329017,0.00105812,1.99500668,-0.00307327,1.99500905,-0.00101480,0.00193841,0.00000000,-0.91293386,0.04783606,0.91418627
0,0.3850,77,-0.9139,0.0498,0.01186137,0.91530304,0.99501143,0.0000,3.0872,2.05308409,0.00021676,0.0000,0.0000,0.08469696,-0.00781565,0.00232897,0.00096120,1.99500668,-0.00307327,1.99500905,-0.00071852,0.00137202,0.00000000,-0.91394866,0.04977446,0.91530304
0,0.3900,78,-0.9147,0.0511,0.00754287,0.91609607,0.99501143,0.0000,3.0857,2.05321870,0.00013461,0.0000,0.0000,0.08390393,-0.00696771,0.00148104,0.00084794,1.99500668,-0.00307327,1.99500905,-0.00045703,0.00087243,0.00000000,-0.91466718,0.05114648,0.91609607
0,0.3950,79,-0.9151,0.0520,0.00391760,0.91660149,0.99501143,0.0000,3.0848,2.05334994,0.00013124,0.0000,0.0000,0.08339851,-0.00625589,0.00076922,0.00071182,1.99500668,-0.00307327,1.99500905,-0.00023743,0.00045309,0.00000000,-0.91512421,0.05201891,0.91660149
0,0.4000,80,-0.9154,0.0525,0.00118421,0.91686436,0.99501143,0.0000,3.0843,2.05347794,0.00012799,0.0000,0.0000,0.08313564,-0.00571919,0.00023252,0.00053670,1.99500668,-0.00307327,1.99500905,-0.00007179,0.00013695,0.00000000,-0.91536164,0.05247201,0.91686436
0,0.4050,81,-0.9154,0.0526,0.00000000,0.91694388,0.99501143,0.0000,3.0842,0.00000000,0.00000000,0.0000,0.0000,0.08305612,0.00000000,0.00000000,0.00000000,0.00000000,0.00000000,0.00000000,0.00000000,0.00000000,0.00000000,0.00000000,0.00000000,0.00000000
0,0.4100,82,-0.9154,0.0526,0.00000000,0.91694388,0.99501143,0.0000,3.0842,0.00000000,0.00000000,0.0000,0.0000,0.08305612,0.00000000,0.00000000,0.00000000,0.00000000,0.00000000,0.00000000,0.00000000,0.00000000,0.00000000,0.00000000,0.00000000,0.00000000
0,0.4150,83,-0.9154,0.0526,0.00000000,0.91694388,0.99501143,0.0000,3.0842,0.00000000,0.00000000,0.0000,0.0000,0.08305612,0.00000000,0.00000000,0.00000000,0.00000000,0.00000000,0.00000000,0.00000000,0.00000000,0.00000000,0.00000000,0.00000000,0.00000000
0,0.4200,84,-0.9154,0.0526,0.00000000,0.91694388,0.99501143,0.0000,3.0842,0.00000000,0.00000000,0.0000,0.0000,0.08305612,0.00000000,0.00000000,0.00000000,0.00000000,0.00000000,0.00000000,0.00000000,0.00000000,0.00000000,0.00000000,0.00000000,0.00000000
0,0.4250,85,-0.9154,0.0526,0.00000000,0.91694388,0.99501143,0.0000,3.0842,0.00000000,0.00000000,0.0000,0.0000,0.08305612,0.00000000,0.00000000,0.00000000,0.00000000,0.00000000,0.00000000,0.00000000,0.00000000,0.00000000,0.00000000,0.00000000,0.00000000
0,0.4300,86,-0.9154,0.0526,0.00000000,0.91694388,0.99501143,0.0000,3.0842,0.00000000,0.00000000,0.0000,0.0000,0.08305612,0.00000000,0.00000000,0.00000000,0.00000000,0.00000000,0.00000000,0.00000000,0.00000000,0.00000000,0.00000000,0.00000000,0.00000000
0,0.4350,87,-0.9154,0.0526,0.00000000,0.91694388,0.99501143,0.0000,3.0842,0.00000000,0.00000000,0.0000,0.0000,0.08305612,0.00000000,0.00000000,0.00000000,0.00000000,0.00000000,0.00000000,0.00000000,0.00000000,0.00000000,0.00000000,0.00000000,0.00000000
0,0.4400,88,-0.9154,0.0526,0.00000000,0.91694388,0.99501143,0.0000,3.0842,0.00000000,0.00000000,0.0000,0.0000,0.08305612,0.00000000,0.00000000,0.00000000,0.00000000,0.00000000,0.00000000,0.00000000,0.00000000,0.00000000,0.00000000,0.00000000,0.00000000
0,0.4450,89,-0.9154,0.0526,0.00000000,0.91694388,0.99501143,0.0000,3.0842,0.00000000,0.00000000,0.0000,0.0000,0.08305612,0.00000000,0.00000000,0.00000000,0.00000000,0.00000000,0.00000000,0.00000000,0.00000000,0.00000000,0.00000000,0.00000000,0.00000000
0,0.4500,90,-0.9154,0.0526,0.00000000,0.91694388,0.99501143,0.0000,3.0842,0.00000000,0.00000000,0.0000,0.0000,0.08305612,0.00000000,0.00000000,0.00000000,0.00000000,0.00000000,0.00000000,0.00000000,0.00000000,0.00000000,0.00000000,0.00000000,0.00000000
0,0.4550,91,-0.9154,0.0526,0.00000000,0.91694388,0.99501143,0.0000,3.0842,0.00000000,0.00000000,0.0000,0.0000,0.08305612,0.00000000,0.00000000,0.00000000,0.00000000,0.00000000,0.00000000,0.00000000,0.00000000,0.00000000,0.00000000,0.00000000,0.00000000
0,0.4600,92,-0.9154,0.0526,0.00000000,0.91694388,0.99501143,0.0000,3.0842,0.00000000,0.00000000,0.0000,0.0000,0.08305612,0.00000000,0.00000000,0.00000000,0.00000000,0.00000000,0.00000000,0.00000000,0.00000000,0.00000000,0.00000000,0.00000000,0.00000000
0,0.4650,93,-0.9154,0.0526,0.00000000,0.91694388,0.99501143,0.0000,3.0842,0.00000000,0.00000000,0.0000,0.0000,0.08305612,0.00000000,0.00000000,0.00000000,0.00000000,0.00000000,0.00000000,0.00000000,0.00000000,0.00000000,0.00000000,0.00000000,0.00000000
